"country","iso2","iso3","iso_numeric","year","source_mdr_new","source_drs_coverage_new","source_drs_year_new","e_new_mdr_pcnt","e_new_mdr_pcnt_lo","e_new_mdr_pcnt_hi","e_new_mdr_num","e_new_mdr_num_lo","e_new_mdr_num_hi","source_mdr_ret","source_drs_coverage_ret","source_drs_year_ret","e_ret_mdr_pcnt","e_ret_mdr_pcnt_lo","e_ret_mdr_pcnt_hi","e_ret_mdr_num","e_ret_mdr_num_lo","e_ret_mdr_num_hi","e_mdr_num","e_mdr_num_lo","e_mdr_num_hi"
"Afghanistan","AF","AFG","004",2012,"Model",,"2012",3.5,0.1,12,730,21,2500,"Model",,"2012",32,7.5,56,620,150,1100,1300,0,3100
"Albania","AL","ALB","008",2012,"Surveillance","National","2012",0.58,0.02,3.2,2,0,9,"Surveillance","National","2012",0,0,22,0,0,6,2,0,5
"Algeria","DZ","DZA","012",2012,"Survey","National","2002",1.4,0.6,2.7,130,56,250,"Survey","National","2002",9.1,1.1,29,52,7,170,180,69,290
"American Samoa","AS","ASM","016",2012,"Model",,"2012",4.9,3.6,6.1,,,,"Model",,"2012",23,20,27,,,,,,
"Andorra","AD","AND","020",2012,"Surveillance","National","2011",0,0,98,0,0,5,"Surveillance","National","2011",0,0,98,0,0,0,0,0,5
"Angola","AO","AGO","024",2012,"Model",,"2012",1.8,0.1,3.4,800,44,1500,"Model",,"2012",19,7.4,31,860,330,1400,1700,780,2500
"Anguilla","AI","AIA","660",2012,"Model",,"2012",2.2,1.4,3.1,0,0,0,"Model",,"2012",14,4.6,23,0,0,0,0,0,0
"Antigua and Barbuda","AG","ATG","028",2012,"Model",,"2012",2.2,1.4,3.1,0,0,0,"Model",,"2012",14,4.6,23,0,0,0,0,0,0
"Argentina","AR","ARG","032",2012,"Survey","National","2005",2.2,1.2,3.6,160,88,260,"Survey","National","2005",15,9.8,23,180,110,260,340,230,440
"Armenia","AM","ARM","051",2012,"Survey","National","2007",9.4,7,12,82,61,110,"Survey","National","2007",43,38,49,170,150,190,250,220,280
"Aruba","AW","ABW","533",2012,"Model",,"2012",2.2,1.4,3.1,1,0,1,"Model",,"2012",14,4.6,23,0,0,0,1,1,1
"Australia","AU","AUS","036",2012,"Surveillance","National","2012",1.9,1.1,3,14,8,23,"Surveillance","National","2012",6.5,0.79,21,3,0,10,17,9,25
"Austria","AT","AUT","040",2012,"Surveillance","National","2011",3.5,1.6,6.5,11,5,20,"Surveillance","National","2011",18,2.3,52,7,1,21,18,7,30
"Azerbaijan","AZ","AZE","031",2012,"Survey","Sub-national","2007",22,19,27,810,670,960,"Survey","Sub-national","2007",56,50,62,2000,1800,2200,2800,2600,3000
"Bahamas","BS","BHS","044",2012,"Surveillance","National","2012",3.7,0.09,19,1,0,6,"Surveillance","National","2012",0,0,98,0,0,0,1,0,6
"Bahrain","BH","BHR","048",2012,"Surveillance","National","2012",1.9,0.39,5.4,3,1,8,"Surveillance","National","2012",100,2.5,100,0,0,0,3,1,8
"Bangladesh","BD","BGD","050",2012,"Survey","National","2011",1.4,0.7,2.5,1900,920,3300,"Survey","National","2011",29,24,34,2300,1900,2700,4200,3100,5200
"Barbados","BB","BRB","052",2012,"Model",,"2012",1.8,0.9,2.6,0,0,0,"Model",,"2012",12,9.2,15,0,0,0,0,0,0
"Belarus","BY","BLR","112",2012,"Surveillance","National","2012",35,33,37,1200,1100,1300,"Surveillance","National","2012",69,66,71,960,920,1000,2200,2100,2200
"Belgium","BE","BEL","056",2012,"Surveillance","National","2011",1.3,0.54,2.7,6,3,13,"Surveillance","National","2011",11,3.2,27,9,3,21,15,6,25
"Belize","BZ","BLZ","084",2012,"Model",,"2012",2.2,1.4,3.1,2,1,2,"Model",,"2012",14,4.6,23,1,0,2,3,2,3
"Benin","BJ","BEN","204",2012,"Survey","National","2010",0.5,0.06,2,17,2,70,"Surveillance","National","2011",13,8.2,20,37,23,55,54,26,83
"Bermuda","BM","BMU","060",2012,"Surveillance","National","2012",0,0,84,0,0,2,"Surveillance","National","2012",0,0,98,0,0,0,0,0,2
"Bhutan","BT","BTN","064",2012,"Model",,"2012",2.2,1.6,2.8,12,9,15,"Model",,"2012",16,11,21,13,9,17,25,20,30
"Bolivia (Plurinational State of)","BO","BOL","068",2012,"Survey","National","1996",1.2,0.44,2.6,74,27,160,"Surveillance","National","2012",11,8.9,14,75,60,94,150,88,210
"Bonaire, Saint Eustatius and Saba","BQ","BES","535",2012,"Surveillance","National","2011",50,1.3,99,0,0,0,"Surveillance","National","2011",100,2.5,100,0,0,0,0,0,0
"Bosnia and Herzegovina","BA","BIH","070",2012,"Surveillance","National","2011",0.14,0,0.79,2,0,9,"Surveillance","National","2011",9.8,2.7,23,12,3,28,13,2,24
"Botswana","BW","BWA","072",2012,"Survey","National","2008",2.5,1.5,3.5,120,70,160,"Survey","National","2008",6.6,2.4,11,29,11,47,140,94,190
"Brazil","BR","BRA","076",2012,"Survey","Sub-national","2008",1.4,1,1.8,850,620,1100,"Survey","Sub-national","2008",7.5,5.7,9.9,860,660,1100,1700,1400,2000
"British Virgin Islands","VG","VGB","092",2012,"Model",,"2012",2.2,1.4,3.1,0,0,0,"Model",,"2012",14,4.6,23,0,0,0,0,0,0
"Brunei Darussalam","BN","BRN","096",2012,"Surveillance","National","2012",0,0,2.2,0,0,4,"Surveillance","National","2012",0,0,23,0,0,3,0,0,0
"Bulgaria","BG","BGR","100",2012,"Surveillance","National","2012",2.3,1.3,3.8,32,18,51,"Surveillance","National","2012",23,17,31,73,52,98,100,78,130
"Burkina Faso","BF","BFA","854",2012,"Model",,"2012",1.8,0.1,3.4,79,4,150,"Model",,"2012",19,7.4,31,75,29,120,150,71,240
"Burundi","BI","BDI","108",2012,"Model",,"2012",2.5,0.01,5,120,0,240,"Model",,"2012",10,3.5,17,31,11,52,150,27,280
"Cabo Verde","CV","CPV","132",2012,"Model",,"2012",1.8,0.1,3.4,6,0,12,"Model",,"2012",19,7.4,31,4,1,6,10,4,16
"Cambodia","KH","KHM","116",2012,"Survey","National","2007",1.4,0.71,2.5,330,160,590,"Survey","National","2007",11,4,22,56,21,110,380,190,580
"Cameroon","CM","CMR","120",2012,"Model",,"2012",2.5,0.01,5,510,2,1000,"Model",,"2012",10,3.5,17,160,57,270,670,140,1200
"Canada","CA","CAN","124",2012,"Surveillance","National","2012",0.57,0.23,1.2,6,2,12,"Surveillance","National","2012",1.6,0.04,8.5,1,0,8,7,2,13
"Cayman Islands","KY","CYM","136",2012,"Surveillance","National","2012",0,0,52,0,0,3,"Surveillance","National","2012",0,0,98,0,0,0,0,0,3
"Central African Republic","CF","CAF","140",2012,"Survey","Sub-national","2009",0.44,0.01,2.5,28,1,160,"Survey","Sub-national","1998",18,7,35,97,37,190,130,36,220
"Chad","TD","TCD","148",2012,"Model",,"2012",1.8,0.1,3.4,160,9,300,"Model",,"2012",19,7.4,31,160,63,260,320,150,490
"Chile","CL","CHL","152",2012,"Survey","National","2001",0.69,0.25,1.5,12,4,26,"Surveillance","National","2012",2.9,0.95,6.7,7,2,15,19,8,30
"China","CN","CHN","156",2012,"Survey","National","2007",5.7,4.5,7,49000,38000,60000,"Survey","National","2007",26,22,30,11000,9000,12000,59000,52000,66000
"China, Hong Kong SAR","HK","HKG","344",2012,"Surveillance","National","2012",0.97,0.59,1.5,36,22,55,"Surveillance","National","2012",2.6,0.95,5.5,12,5,27,48,30,66
"China, Macao SAR","MO","MAC","446",2012,"Surveillance","National","2012",0.77,0.09,2.7,2,0,8,"Surveillance","National","2012",21,8.3,41,6,2,11,8,3,14
"Colombia","CO","COL","170",2012,"Survey","National","2005",2.4,1.6,3.6,210,140,320,"Surveillance","National","2012",13,9.6,17,98,74,130,310,220,400
"Comoros","KM","COM","174",2012,"Model",,"2012",1.8,0.1,3.4,2,0,3,"Model",,"2012",19,7.4,31,1,0,1,3,1,4
"Congo","CG","COG","178",2012,"Model",,"2012",2.5,0.01,5,200,1,400,"Model",,"2012",10,3.5,17,49,17,81,250,43,450
"Cook Islands","CK","COK","184",2012,"Surveillance","National","2012",0,0,98,0,0,0,"Surveillance","National","2012",100,2.5,100,1,0,1,1,0,1
"Costa Rica","CR","CRI","188",2012,"Survey","National","2006",1.5,0.42,3.9,5,2,14,"Surveillance","National","2012",4.5,0.12,23,1,0,5,6,1,12
"Côte d'Ivoire","CI","CIV","384",2012,"Survey","National","2006",2.5,1.1,4.9,440,190,850,"Model",,"2012",10,3.5,17,140,49,240,580,270,890
"Croatia","HR","HRV","191",2012,"Surveillance","National","2011",0.28,0.01,1.6,1,0,8,"Surveillance","National","2011",2.5,0.06,13,1,0,5,2,0,5
"Cuba","CU","CUB","192",2012,"Surveillance","National","2012",0.74,0.09,2.7,4,1,15,"Surveillance","National","2012",12,4.4,24,7,3,14,11,3,19
"Curaçao","CW","CUW","531",2012,"Surveillance","National","2012",0,0,98,0,0,1,"Surveillance","National","2012",0,0,98,0,0,0,0,0,1
"Cyprus","CY","CYP","196",2012,"Surveillance","National","2011",4,0.1,20,2,0,9,"Surveillance","National","2011",0,0,84,0,0,5,2,0,5
"Czech Republic","CZ","CZE","203",2012,"Surveillance","National","2011",1.5,0.56,3.3,7,3,16,"Surveillance","National","2011",6.3,0.16,30,3,0,12,10,2,17
"Democratic People's Republic of Korea","KP","PRK","408",2012,"Model",,"2012",2.2,1.6,2.8,1500,1100,1900,"Model",,"2012",16,11,21,2300,1600,3000,3800,3000,4600
"Democratic Republic of the Congo","CD","COD","180",2012,"Model",,"2012",2.5,0.01,5,2100,8,4200,"Model",,"2012",10,3.5,17,760,260,1300,2900,670,5100
"Denmark","DK","DNK","208",2012,"Surveillance","National","2011",1.2,0.24,3.4,3,1,9,"Surveillance","National","2011",0,0,23,0,0,11,3,0,7
"Djibouti","DJ","DJI","262",2012,"Model",,"2012",1.8,0.1,3.4,31,2,58,"Model",,"2012",19,7.4,31,50,19,81,81,40,120
"Dominica","DM","DMA","212",2012,"Surveillance","National","2011",0,0,98,0,0,6,"Surveillance","National","2012",0,0,98,0,0,2,0,0,0
"Dominican Republic","DO","DOM","214",2012,"Survey","National","1995",6.6,4.1,10,220,140,330,"Survey","National","1995",20,13,28,110,71,150,330,230,430
"Ecuador","EC","ECU","218",2012,"Survey","National","2002",4.9,3.5,6.7,210,150,280,"Surveillance","National","2012",26,23,29,170,150,190,380,320,450
"Egypt","EG","EGY","818",2012,"Survey","National","2011",3.4,1.9,4.9,180,99,260,"Surveillance","National","2012",25,21,29,150,130,180,330,270,390
"El Salvador","SV","SLV","222",2012,"Survey","National","2001",0.33,0.04,1.2,5,1,18,"Surveillance","National","2012",11,4.9,20,11,5,20,16,6,26
"Equatorial Guinea","GQ","GNQ","226",2012,"Model",,"2012",1.8,0.9,2.6,,,,"Model",,"2012",12,9.2,15,,,,,,
"Eritrea","ER","ERI","232",2012,"Model",,"2012",1.8,0.1,3.4,35,2,66,"Model",,"2012",19,7.4,31,44,17,71,79,38,120
"Estonia","EE","EST","233",2012,"Surveillance","National","2012",20,14,26,42,31,56,"Surveillance","National","2012",50,35,65,28,20,36,70,56,85
"Ethiopia","ET","ETH","231",2012,"Survey","National","2005",1.6,0.86,2.8,1600,830,2700,"Survey","National","2005",12,5.6,21,480,230,870,2000,1200,2900
"Fiji","FJ","FJI","242",2012,"Surveillance","National","2006",0,0,8.2,0,0,14,"Surveillance","National","2006",0,0,98,0,0,13,0,0,0
"Finland","FI","FIN","246",2012,"Surveillance","National","2012",1.5,0.3,4.2,3,1,8,"Surveillance","National","2012",0,0,23,0,0,4,3,0,6
"France","FR","FRA","250",2012,"Surveillance","National","2009",0.45,0.24,0.77,9,5,15,"Surveillance","National","2009",13,7.4,21,36,20,58,45,26,63
"French Polynesia","PF","PYF","258",2012,"Surveillance","National","2012",0,0,12,0,0,4,"Surveillance","National","2012",0,0,60,0,0,4,0,0,0
"Gabon","GA","GAB","266",2012,"Model",,"2012",2.5,0.01,5,100,0,200,"Model",,"2012",10,3.5,17,67,23,110,170,57,280
"Gambia","GM","GMB","270",2012,"Survey","National","2000",0.48,0.01,2.6,10,0,54,"Survey","National","2000",0,0,18,0,0,26,10,0,29
"Georgia","GE","GEO","268",2012,"Surveillance","National","2012",9.2,7.9,11,260,220,300,"Surveillance","National","2012",31,27,35,370,330,420,630,570,690
"Germany","DE","DEU","276",2012,"Surveillance","National","2012",1.5,1,2,37,26,53,"Surveillance","National","2012",10,5.5,17,26,14,44,63,44,82
"Ghana","GH","GHA","288",2012,"Model",,"2012",1.8,0.1,3.4,240,13,440,"Model",,"2012",19,7.4,31,160,61,260,390,170,620
"Greece","GR","GRC","300",2012,"Surveillance","National","2010",0.87,0.02,4.7,3,0,19,"Surveillance","National","2010",6.7,0.17,32,3,0,12,6,0,14
"Greenland","GL","GRL","304",2012,"Model",,"2012",1.8,0.9,2.6,1,1,2,"Model",,"2012",12,9.2,15,0,0,0,2,1,2
"Grenada","GD","GRD","308",2012,"Model",,"2012",2.2,1.4,3.1,0,0,0,"Model",,"2012",14,4.6,23,0,0,0,0,0,0
"Guam","GU","GUM","316",2012,"Surveillance","National","2012",0,0,11,0,0,7,"Surveillance","National","2012",12,9.2,15,0,0,0,0,0,7
"Guatemala","GT","GTM","320",2012,"Survey","National","2002",3,1.8,4.6,89,55,140,"Survey","National","2002",26,20,34,53,40,69,140,100,180
"Guinea","GN","GIN","324",2012,"Survey","Sub-national","1998",0.56,0.11,1.6,47,10,140,"Survey","Sub-national","1998",28,14,47,200,100,340,250,130,380
"Guinea-Bissau","GW","GNB","624",2012,"Model",,"2012",1.8,0.1,3.4,33,2,63,"Model",,"2012",19,7.4,31,12,5,19,45,15,75
"Guyana","GY","GUY","328",2012,"Model",,"2012",2.2,1.4,3.1,14,9,20,"Model",,"2012",14,4.6,23,33,11,56,48,25,70
"Haiti","HT","HTI","332",2012,"Model",,"2012",2.2,1.4,3.1,310,200,440,"Model",,"2012",14,4.6,23,82,28,140,390,270,520
"Honduras","HN","HND","340",2012,"Survey","National","2004",1.8,0.76,3.4,43,19,84,"Survey","National","2004",12,5.8,22,28,13,51,71,37,110
"Hungary","HU","HUN","348",2012,"Surveillance","National","2010",2.1,1,3.8,23,11,42,"Surveillance","National","2010",8.8,3.6,17,7,3,14,31,15,46
"Iceland","IS","ISL","352",2012,"Surveillance","National","2012",0,0,60,0,0,4,"Surveillance","National","2012",100,2.5,100,1,0,1,1,1,1
"India","IN","IND","356",2012,"Survey","Sub-national","2001, 2004, 2006, 2009",2.2,1.9,2.6,21000,18000,25000,"Survey","Sub-national","2006, 2009",15,11,19,43000,32000,54000,64000,49000,79000
"Indonesia","ID","IDN","360",2012,"Survey","Sub-national","2004, 2006, 2010",1.9,1.4,2.5,5800,4300,7700,"Survey","Sub-national","2006, 2010",12,8.1,17,1000,690,1500,6900,5200,8500
"Iran (Islamic Republic of)","IR","IRN","364",2012,"Survey","National","1998",5,3.4,7,380,260,530,"Survey","National","1998",48,35,62,380,270,480,750,590,910
"Iraq","IQ","IRQ","368",2012,"Model",,"2012",3.5,0.1,12,180,5,610,"Model",,"2012",32,7.5,56,240,57,430,420,0,870
"Ireland","IE","IRL","372",2012,"Surveillance","National","2012",1.1,0.13,3.8,2,0,7,"Surveillance","National","2012",0,0,20,0,0,5,2,0,4
"Israel","IL","ISR","376",2012,"Surveillance","National","2012",4.7,2.7,7.7,19,11,30,"Surveillance","National","2012",33,4.3,78,4,0,9,22,12,32
"Italy","IT","ITA","380",2012,"Surveillance","Sub-national","2011",3.9,2.7,5.6,41,28,58,"Surveillance","Sub-national","2011",5.4,3.5,8,3,2,4,43,29,58
"Jamaica","JM","JAM","388",2012,"Model",,"2012",2.2,1.4,3.1,2,1,2,"Model",,"2012",14,4.6,23,1,0,1,3,2,3
"Japan","JP","JPN","392",2012,"Surveillance","National","2002",0.7,0.42,1.1,110,65,170,"Surveillance","National","2002",9.8,7.1,13,130,96,180,240,180,300
"Jordan","JO","JOR","400",2012,"Surveillance","National","2009",6.3,2.4,13,10,4,21,"Surveillance","National","2009",29,3.7,71,5,1,13,15,5,25
"Kazakhstan","KZ","KAZ","398",2012,"Surveillance","National","2012",23,22,24,2700,2600,2800,"Surveillance","National","2012",55,54,56,4300,4300,4400,7000,6900,7200
"Kenya","KE","KEN","404",2012,"Model",,"2012",2.5,0.01,5,1800,7,3700,"Model",,"2012",10,3.5,17,980,340,1600,2800,840,4800
"Kiribati","KI","KIR","296",2012,"Model",,"2012",4.9,3.6,6.1,13,10,16,"Model",,"2012",23,20,27,2,2,3,15,12,18
"Kuwait","KW","KWT","414",2012,"Surveillance","National","2011",0,0,1.3,0,0,6,"Surveillance","National","2011",0,0,98,0,0,0,0,0,6
"Kyrgyzstan","KG","KGZ","417",2012,"Survey","National","2011",26,23,30,1100,910,1200,"Surveillance","National","2012",68,65,72,730,690,770,1800,1600,2000
"Lao People's Democratic Republic","LA","LAO","418",2012,"Model",,"2012",4.9,3.6,6.1,170,130,220,"Model",,"2012",23,20,27,48,40,56,220,180,260
"Latvia","LV","LVA","428",2012,"Surveillance","National","2012",11,8.8,14,87,69,110,"Surveillance","National","2012",32,23,42,36,26,48,120,100,140
"Lebanon","LB","LBN","422",2012,"Survey","National","2003",1.1,0.13,3.8,4,0,14,"Surveillance","National","2012",67,22,96,6,2,9,10,4,16
"Lesotho","LS","LSO","426",2012,"Survey","National","1995",0.91,0.19,2.6,77,16,220,"Survey","National","1995",5.7,1.2,16,94,20,260,170,36,300
"Liberia","LR","LBR","430",2012,"Model",,"2012",1.8,0.1,3.4,110,6,210,"Model",,"2012",19,7.4,31,18,7,29,130,32,230
"Libya","LY","LBY","434",2012,"Model",,"2012",3.5,0.1,12,36,1,120,"Model",,"2012",32,7.5,56,,,,36,1,120
"Lithuania","LT","LTU","440",2012,"Surveillance","National","2012",11,9.5,14,150,120,170,"Surveillance","National","2012",44,39,49,150,140,170,300,270,330
"Luxembourg","LU","LUX","442",2012,"Surveillance","National","2011",0,0,41,0,0,0,"Surveillance","National","2011",0,0,98,0,0,1,0,0,1
"Madagascar","MG","MDG","450",2012,"Survey","National","2007",0.49,0.13,1.3,94,26,240,"Survey","National","2007",3.9,0.48,13,76,9,260,170,32,310
"Malawi","MW","MWI","454",2012,"Survey","National","2011",0.42,0.14,0.97,56,18,130,"Survey","National","2011",4.8,3.2,6.9,40,27,57,96,45,150
"Malaysia","MY","MYS","458",2012,"Survey","Sub-national","1997",0.1,0,0.56,18,0,100,"Survey","Sub-national","1997",0,0,17,0,0,250,18,0,54
"Maldives","MV","MDV","462",2012,"Model",,"2012",2.2,1.6,2.8,2,1,2,"Model",,"2012",16,11,21,0,0,0,2,1,2
"Mali","ML","MLI","466",2012,"Model",,"2012",1.8,0.1,3.4,76,4,140,"Model",,"2012",19,7.4,31,60,23,96,140,60,210
"Malta","MT","MLT","470",2012,"Surveillance","National","2012",0,0,25,0,0,7,"Surveillance","National","2012",0,0,98,0,0,1,0,0,0
"Marshall Islands","MH","MHL","584",2012,"Surveillance","National","2012",4.1,0.86,12,4,1,12,"Surveillance","National","2012",0,0,98,0,0,6,4,0,9
"Mauritania","MR","MRT","478",2012,"Model",,"2012",1.8,0.1,3.4,34,2,64,"Model",,"2012",19,7.4,31,25,10,41,59,26,92
"Mauritius","MU","MUS","480",2012,"Surveillance","National","2012",0,0,3,0,0,4,"Surveillance","National","2012",0,0,60,0,0,2,0,0,0
"Mexico","MX","MEX","484",2012,"Survey","National","2009",2.4,2.1,2.8,380,330,440,"Survey","National","2009",6.3,5.1,7.8,100,84,130,480,350,620
"Micronesia (Federated States of)","FM","FSM","583",2012,"Model",,"2012",4.9,3.6,6.1,6,4,7,"Model",,"2012",23,20,27,1,1,1,7,5,8
"Monaco","MC","MCO","492",2012,"Model",,"2012",1.8,0.9,2.6,,,,"Model",,"2012",12,9.2,15,,,,,,
"Mongolia","MN","MNG","496",2012,"Survey","National","2007",1.4,0.66,2.5,33,15,58,"Surveillance","National","2012",26,23,30,130,120,150,170,140,190
"Montenegro","ME","MNE","499",2012,"Surveillance","National","2012",0,0,6.2,0,0,5,"Surveillance","National","2012",0,0,52,0,0,7,0,0,0
"Montserrat","MS","MSR","500",2012,"Model",,"2012",2.2,1.4,3.1,0,0,0,"Model",,"2012",14,4.6,23,0,0,0,0,0,0
"Morocco","MA","MAR","504",2012,"Survey","National","2006",0.48,0.15,1.1,66,22,150,"Survey","National","2006",12,7.8,18,240,150,350,300,190,410
"Mozambique","MZ","MOZ","508",2012,"Survey","National","2007",3.5,2.2,4.8,1400,900,2000,"Survey","National","2007",12,0,25,540,0,1100,2000,1300,2700
"Myanmar","MM","MMR","104",2012,"Survey","National","2008",4.2,3.1,5.6,4900,3600,6500,"Survey","National","2008",10,6.9,14,1200,790,1600,6000,4600,7500
"Namibia","NA","NAM","516",2012,"Survey","National","2008",3.8,2.7,5.1,260,190,350,"Survey","National","2008",16,13,21,370,290,470,630,510,750
"Nauru","NR","NRU","520",2012,"Model",,"2012",4.9,3.6,6.1,,,,"Model",,"2012",23,20,27,,,,,,
"Nepal","NP","NPL","524",2012,"Survey","National","2011",2.3,1.3,3.8,570,320,950,"Survey","National","2011",15,10,23,420,270,620,990,660,1300
"Netherlands","NL","NLD","528",2012,"Surveillance","National","2012",1.6,0.77,2.9,7,4,13,"Surveillance","National","2012",3.6,0.09,18,2,0,9,9,4,15
"New Caledonia","NC","NCL","540",2012,"Surveillance","National","2012",0,0,12,0,0,3,"Surveillance","National","2012",0,0,98,0,0,1,0,0,0
"New Zealand","NZ","NZL","554",2012,"Surveillance","National","2011",0.44,0.01,2.4,1,0,4,"Surveillance","National","2011",20,0.51,72,3,0,11,4,0,9
"Nicaragua","NI","NIC","558",2012,"Survey","National","2006",0.63,0.08,2.2,14,2,52,"Surveillance","National","2010",11,6.2,17,31,18,49,46,21,70
"Niger","NE","NER","562",2012,"Model",,"2012",1.8,0.1,3.4,160,9,300,"Model",,"2012",19,7.4,31,110,42,180,270,110,420
"Nigeria","NG","NGA","566",2012,"Survey","National","2010",2.9,2.1,4,2500,1800,3400,"Survey","National","2010",14,10,19,1100,770,1500,3600,2700,4500
"Niue","NU","NIU","570",2012,"Model",,"2012",4.9,3.6,6.1,0,0,0,"Model",,"2012",23,20,27,0,0,0,0,0,0
"Northern Mariana Islands","MP","MNP","580",2012,"Surveillance","National","2012",0,0,22,0,0,6,"Surveillance","National","2012",0,0,98,0,0,2,0,0,0
"Norway","NO","NOR","578",2012,"Surveillance","National","2011",1.3,0.27,3.8,3,1,8,"Surveillance","National","2011",0,0,15,0,0,5,3,0,6
"Oman","OM","OMN","512",2012,"Surveillance","National","2012",2.4,0.89,5.2,6,2,13,"Surveillance","National","2012",0,0,37,0,0,3,6,1,11
"Pakistan","PK","PAK","586",2012,"Model",,"2012",3.5,0.1,12,7700,220,27000,"Model",,"2012",32,7.5,56,3700,880,6600,11000,0,29000
"Palau","PW","PLW","585",2012,"Surveillance","National","2012",0,0,71,0,0,3,"Surveillance","National","2012",23,20,27,0,0,0,0,0,3
"Panama","PA","PAN","591",2012,"Model",,"2012",2.2,1.4,3.1,27,17,38,"Model",,"2012",14,4.6,23,29,10,49,56,35,78
"Papua New Guinea","PG","PNG","598",2012,"Model",,"2012",4.9,3.6,6.1,590,430,740,"Model",,"2012",23,20,27,500,420,590,1100,930,1300
"Paraguay","PY","PRY","600",2012,"Survey","National","2008",0.31,0.01,1.7,7,0,36,"Survey","National","2008",15,6.1,28,48,20,92,55,19,90
"Peru","PE","PER","604",2012,"Surveillance","National","2012",3.9,3.6,4.2,890,820,960,"Surveillance","National","2012",35,33,37,1300,1200,1400,2200,2100,2300
"Philippines","PH","PHL","608",2012,"Survey","National","2004",4,2.9,5.5,8500,6000,11000,"Survey","National","2004",21,14,29,3700,2500,5100,12000,9300,15000
"Poland","PL","POL","616",2012,"Surveillance","National","2012",0.49,0.3,0.76,30,18,47,"Surveillance","National","2012",2.1,1,3.6,18,9,32,48,31,65
"Portugal","PT","PRT","620",2012,"Surveillance","National","2011",1.5,0.86,2.3,25,15,41,"Surveillance","National","2011",5.2,1.7,12,10,3,22,35,21,50
"Puerto Rico","PR","PRI","630",2012,"Surveillance","National","2012",0,0,6.5,0,0,4,"Surveillance","National","2012",33,0.84,91,1,0,3,1,0,3
"Qatar","QA","QAT","634",2012,"Surveillance","National","2010",1.2,0.34,3.1,6,2,16,"Surveillance","National","2010",0,0,98,0,0,0,6,2,16
"Republic of Korea","KR","KOR","410",2012,"Survey","National","2004",2.7,2.1,3.4,840,660,1100,"Survey","National","2004",14,10,19,1400,1000,1900,2200,1800,2700
"Republic of Moldova","MD","MDA","498",2012,"Surveillance","National","2012",24,21,26,810,730,890,"Surveillance","National","2012",62,59,65,930,880,980,1700,1600,1800
"Romania","RO","ROU","642",2012,"Survey","National","2004",2.8,1.8,4.2,320,210,480,"Survey","National","2004",11,8,15,470,350,630,800,610,980
"Russian Federation","RU","RUS","643",2012,"Surveillance","Sub-national","2011",23,21,25,20000,18000,22000,"Surveillance","Sub-national","2011",49,44,53,25000,23000,28000,46000,43000,49000
"Rwanda","RW","RWA","646",2012,"Survey","National","2005",3.9,2.5,5.8,180,120,270,"Surveillance","National","2010",19,15,23,63,51,76,240,170,310
"Saint Kitts and Nevis","KN","KNA","659",2012,"Model",,"2012",2.2,1.4,3.1,0,0,0,"Model",,"2012",14,4.6,23,0,0,0,0,0,0
"Saint Lucia","LC","LCA","662",2012,"Model",,"2012",2.2,1.4,3.1,0,0,0,"Model",,"2012",14,4.6,23,0,0,0,0,0,0
"Saint Vincent and the Grenadines","VC","VCT","670",2012,"Model",,"2012",2.2,1.4,3.1,1,0,1,"Model",,"2012",14,4.6,23,1,0,1,1,1,2
"Samoa","WS","WSM","882",2012,"Surveillance","National","2012",0,0,22,0,0,4,"Surveillance","National","2012",0,0,98,0,0,0,0,0,4
"San Marino","SM","SMR","674",2012,"Model",,"2012",1.8,0.9,2.6,,,,"Model",,"2012",12,9.2,15,,,,,,
"Sao Tome and Principe","ST","STP","678",2012,"Model",,"2012",1.8,0.1,3.4,2,0,3,"Surveillance","National","2012",88,47,100,13,7,15,15,11,19
"Saudi Arabia","SA","SAU","682",2012,"Survey","National","2010",1.8,1.4,2.4,46,36,62,"Survey","National","2010",16,12,21,37,28,48,84,64,100
"Senegal","SN","SEN","686",2012,"Survey","National","2006",2.1,0.69,4.9,220,70,500,"Survey","National","2006",17,7,31,180,76,340,400,170,620
"Serbia","RS","SRB","688",2012,"Surveillance","National","2012",0.84,0.31,1.8,13,5,29,"Surveillance","National","2012",3.6,0.75,10,7,1,18,20,7,33
"Seychelles","SC","SYC","690",2012,"Surveillance","National","2012",0,0,23,0,0,4,"Surveillance","National","2012",0,0,84,0,0,2,0,0,0
"Sierra Leone","SL","SLE","694",2012,"Survey","National","1997",0.85,0.02,4.7,100,3,570,"Survey","National","1997",23,5,54,120,26,280,220,0,460
"Singapore","SG","SGP","702",2012,"Surveillance","National","2012",1.6,0.97,2.5,31,18,48,"Surveillance","National","2012",3.2,0.67,9.1,5,1,15,36,21,51
"Sint Maarten (Dutch part)","SX","SXM","534",2012,"Model",,"2012",2.2,1.4,3.1,0,0,0,"Model",,"2012",14,4.6,23,0,0,0,0,0,0
"Slovakia","SK","SVK","703",2012,"Surveillance","National","2012",0,0,2.6,0,0,6,"Surveillance","National","2012",3.7,0.09,19,2,0,9,2,0,5
"Slovenia","SI","SVN","705",2012,"Surveillance","National","2012",0,0,3.2,0,0,4,"Surveillance","National","2012",0,0,26,0,0,4,0,0,0
"Solomon Islands","SB","SLB","090",2012,"Model",,"2012",4.9,3.6,6.1,12,9,15,"Surveillance","National","2012",0,0,21,0,0,3,12,9,15
"Somalia","SO","SOM","706",2012,"Survey","National","2011",5.2,2.7,7.7,480,250,720,"Survey","National","2011",41,23,58,280,160,410,770,600,930
"South Africa","ZA","ZAF","710",2012,"Survey","National","2002",1.8,1.4,2.3,4600,3700,5800,"Survey","National","2002",6.7,5.4,8.2,3500,2800,4300,8100,6900,9400
"South Sudan","SS","SSD","728",2012,"Model",,"2012",1.8,0.1,3.4,120,7,220,"Model",,"2012",19,7.4,31,140,52,220,250,120,390
"Spain","ES","ESP","724",2012,"Surveillance","Sub-national","2001, 2005",0.22,0.03,0.8,9,1,31,"Surveillance","Sub-national","2001, 2005",7.1,3.3,13,22,10,41,31,13,49
"Sri Lanka","LK","LKA","144",2012,"Survey","National","2006",0.18,0,0.99,11,0,61,"Surveillance","National","2011",2.2,1,4.1,10,4,18,21,0,43
"Sudan","SD","SDN","729",2012,"Model",,"2012",1.8,0.1,3.4,240,14,460,"Model",,"2012",19,7.4,31,330,130,540,580,280,870
"Suriname","SR","SUR","740",2012,"Model",,"2012",2.2,1.4,3.1,3,2,4,"Model",,"2012",14,4.6,23,1,0,2,3,2,5
"Swaziland","SZ","SWZ","748",2012,"Survey","National","2009",7.7,4.8,11,430,270,590,"Survey","National","2009",34,28,39,290,250,340,730,560,890
"Sweden","SE","SWE","752",2012,"Surveillance","National","2012",2.4,1.2,4.3,8,4,14,"Surveillance","National","2012",8.3,1,27,3,0,11,11,5,18
"Switzerland","CH","CHE","756",2012,"Surveillance","National","2012",1.2,0.25,3.5,3,1,7,"Surveillance","National","2012",13,3.6,30,6,2,14,9,2,15
"Syrian Arab Republic","SY","SYR","760",2012,"Survey","National","2003",6.2,3.9,9.3,73,46,110,"Surveillance","National","2011",31,21,44,24,16,33,97,65,130
"Tajikistan","TJ","TJK","762",2012,"Survey","National","2011",13,9.8,16,490,390,620,"Surveillance","National","2012",56,52,60,420,390,450,910,800,1000
"Thailand","TH","THA","764",2012,"Survey","National","2006",1.7,1,2.6,800,480,1200,"Survey","National","2006",35,28,42,960,780,1200,1800,1400,2200
"The Former Yugoslav Republic of Macedonia","MK","MKD","807",2012,"Surveillance","National","2012",0,0,2.4,0,0,6,"Surveillance","National","2012",15,4.4,35,5,1,11,5,0,9
"Timor-Leste","TL","TLS","626",2012,"Model",,"2012",2.2,1.6,2.8,74,54,94,"Model",,"2012",16,11,21,8,5,10,82,62,100
"Togo","TG","TGO","768",2012,"Model",,"2012",1.8,0.1,3.4,41,2,78,"Model",,"2012",19,7.4,31,36,14,58,77,35,120
"Tokelau","TK","TKL","772",2012,"Model",,"2012",4.9,3.6,6.1,,,,"Model",,"2012",23,20,27,,,,,,
"Tonga","TO","TON","776",2012,"Model",,"2012",4.9,3.6,6.1,0,0,1,"Model",,"2012",23,20,27,0,0,0,0,0,1
"Trinidad and Tobago","TT","TTO","780",2012,"Model",,"2012",1.8,0.9,2.6,5,2,6,"Model",,"2012",12,9.2,15,6,5,8,11,8,13
"Tunisia","TN","TUN","788",2012,"Survey","National","2012",0.82,0,1.7,11,0,23,"Survey","National","2012",12,4.5,19,8,3,12,19,7,30
"Turkey","TR","TUR","792",2012,"Surveillance","National","2012",3.2,2.7,3.7,270,230,310,"Surveillance","National","2012",22,19,25,250,220,290,520,460,580
"Turkmenistan","TM","TKM","795",2012,"Survey","Sub-national","2002",3.8,1.1,9.5,,,,"Survey","Sub-national","2002",18,11,27,,,,,,
"Turks and Caicos Islands","TC","TCA","796",2012,"Model",,"2012",1.8,0.9,2.6,0,0,0,"Model",,"2012",12,9.2,15,0,0,0,0,0,0
"Tuvalu","TV","TUV","798",2012,"Model",,"2012",4.9,3.6,6.1,0,0,1,"Model",,"2012",23,20,27,0,0,0,1,1,1
"Uganda","UG","UGA","800",2012,"Survey","National","2011",1.4,0.6,2.2,540,230,860,"Survey","National","2011",12,6.8,19,470,260,750,1000,660,1300
"Ukraine","UA","UKR","804",2012,"Surveillance","National","2012",14,14,15,4100,3900,4300,"Surveillance","National","2012",32,31,33,2600,2600,2700,6800,6500,7000
"United Arab Emirates","AE","ARE","784",2012,"Model",,"2012",1.8,0.9,2.6,1,1,2,"Model",,"2012",12,9.2,15,1,1,1,2,2,3
"United Kingdom of Great Britain and Northern Ireland","GB","GBR","826",2012,"Surveillance","National","2011",1.3,1,1.7,54,42,70,"Surveillance","National","2011",5.6,3,9.3,15,8,25,69,54,85
"United Republic of Tanzania","TZ","TZA","834",2012,"Survey","National","2007",1.1,0.3,2.8,510,140,1300,"Survey","National","2007",0,0,5.9,0,0,160,510,13,1000
"United States of America","US","USA","840",2012,"Surveillance","National","2012",1,0.8,1.3,81,63,100,"Surveillance","National","2012",2.9,1.4,5.4,,,,81,63,100
"Uruguay","UY","URY","858",2012,"Surveillance","National","2012",0,0,0.79,0,0,6,"Surveillance","National","2012",2.4,0.06,13,1,0,7,1,0,4
"Uzbekistan","UZ","UZB","860",2012,"Survey","National","2011",23,18,29,2400,1800,3000,"Survey","National","2011",62,52,71,1600,1400,1900,4000,3700,4300
"Vanuatu","VU","VUT","548",2012,"Surveillance","National","2006",0,0,12,0,0,9,"Model",,"2012",23,20,27,0,0,1,0,0,1
"Venezuela (Bolivarian Republic of)","VE","VEN","862",2012,"Survey","National","1999",0.52,0.14,1.3,26,7,67,"Survey","National","1999",13,7.6,22,77,43,120,100,58,150
"Viet Nam","VN","VNM","704",2012,"Survey","National","2006",2.7,2,3.7,2100,1500,2800,"Survey","National","2006",19,14,25,1700,1300,2300,3800,3000,4600
"Wallis and Futuna Islands","WF","WLF","876",2012,"Model",,"2012",4.9,3.6,6.1,,,,"Model",,"2012",23,20,27,,,,,,
"West Bank and Gaza Strip","PS","PSE","275",2012,"Model",,"2012",3.5,0.1,12,1,0,3,"Model",,"2012",32,7.5,56,0,0,1,1,0,3
"Yemen","YE","YEM","887",2012,"Survey","National","2011",1.7,0.5,3,110,31,180,"Survey","National","2011",15,8.1,22,49,27,73,150,100,210
"Zambia","ZM","ZMB","894",2012,"Survey","National","2008",0.33,0.04,1.2,98,12,350,"Survey","National","2008",8.1,4.1,14,520,260,900,620,290,940
"Zimbabwe","ZW","ZWE","716",2012,"Survey","National","1995",1.9,1,3.3,570,300,960,"Survey","National","1995",8.3,1.8,22,360,76,970,930,430,1400
